patient_id,first_name,middle_initial,last_name,name,sex,birth_date,address,last_visit,conditions,medications,hemoglobin,glucose,ssn,phone_number,guardrail_violation_flag
5e503a67-daea-48ba-8c73-a942cd8778e7,Jennifer,A,Wilkins,Jennifer A Wilkins,female,2019-06-12,"51648 Cheryl Ferry Suite 186, East Jamie, CA 25400",2025-07-19,"hypertension, asthma, depression",,12.8,126.7,,,False
b0d26ee6-fa92-4906-82bd-e024f7acee22,Erica,D,Morgan,Erica D Morgan,female,2002-05-28,"241 Rodriguez Springs, Lake Nicholas, NC 78619",2025-06-18,COPD,sertraline,15.1,149.5,,,False
3764b52e-7fcd-43d2-9f89-60ad1eab5cd8,Roger,Z,Williams,Roger Z Williams,male,2001-09-26,"9682 Tina Hollow, East Tammiestad, ND 45323",2025-02-07,"arthritis, hypertension","atorvastatin, metformin",12.0,163.5,,,False
fe9e6246-635a-4ce2-941c-b03e71f2f9c4,Franklin,D,Brown,Franklin D Brown,male,2007-05-15,"538 Timothy Circle, Lake Travischester, OH 26924",2025-03-28,"asthma, hypertension",albuterol,11.2,136.4,,,False
e47b342b-2a3a-4667-beb1-4f84147de9b0,Mary,H,Hawkins,Mary H Hawkins,female,2022-09-04,"42818 Dwayne Shoals, Blackwellville, KS 66714",2025-06-28,hypertension,"metformin, sertraline",12.9,154.8,,,False
eb3f4d0a-3e46-4c1c-ae93-761b6aae0b74,Austin,W,Blevins,Austin W Blevins,male,2014-08-05,"62298 Susan Passage Suite 511, Manningshire, ID 98693",2025-02-02,"depression, diabetes, COPD",,17.2,147.5,,,False
b1817b72-82a4-45f2-89cb-56b82017a69d,Stephanie,V,Bradley,Stephanie V Bradley,female,2004-11-06,"6058 Crystal Cliff, West Nicole, SC 05131",2025-03-07,diabetes,,16.7,98.1,,,False
4fd550c3-43ab-4549-9c41-72e672fce34d,Jeremy,X,Morales,Jeremy X Morales,male,2001-09-27,"0352 Erica Road Apt. 019, Port Randy, HI 36234",2025-03-25,"depression, COPD","metformin, lisinopril",17.4,109.2,,,False
4d04125f-9de9-4eb5-9352-e69d63663481,Steven,U,Stewart,Steven U Stewart,male,1968-03-06,"21243 Coleman Bridge Apt. 180, Philipton, IA 13557",2025-04-26,diabetes,sertraline,13.2,120.2,,,False
bdc20b73-fa4c-429b-a88b-fbe35be070a1,Kenneth,Q,Hudson,Kenneth Q Hudson,male,1960-07-04,"83886 Kimberly Drive, Briannaburgh, NH 54841",2025-04-15,hypertension,"atorvastatin, lisinopril",13.5,173.9,,,False
8a7901dc-d0f6-4bf1-ac95-48a85a80c814,Jacob,B,Parrish,Jacob B Parrish,male,1994-07-14,"0556 Martinez Port Apt. 917, North Christinaton, AR 40982",2025-07-18,arthritis,metformin,15.4,169.0,,,False
e72c9f16-3855-4b58-ac61-0ed70f137e3f,Kelly,D,Porter,Kelly D Porter,female,1954-11-12,"9837 Rachel Plaza, East Emily, NH 02395",2025-06-04,"hypertension, arthritis, COPD",sertraline,17.3,189.9,,,False
43e7a280-182e-43da-9f4f-b4dacece975d,Benjamin,X,Jones,Benjamin X Jones,male,1986-03-27,"75768 Debra Way Apt. 808, Johnfort, TX 11303",2025-04-11,"arthritis, hypertension","metformin, lisinopril",14.2,186.0,,,False
2bd47c69-1fe6-4943-90f2-3ccc6cb4c454,Ashley,P,Wallace,Ashley P Wallace,female,1954-06-27,"9208 Johnson Neck Suite 340, Richardsonside, KS 30706",2025-01-22,diabetes,,12.1,89.5,,,False
903f13f6-26bd-44db-843c-8620017f5b4b,Riley,Q,Hull,Riley Q Hull,male,1987-08-14,"USNS Murphy, FPO AE 80386",2025-05-29,"arthritis, hypertension, diabetes",,15.3,185.2,,,False
94bf5aba-aea5-45cf-abea-631864b0bca6,Jordan,B,Clark,Jordan B Clark,male,1971-03-12,"848 Medina Shoals Suite 726, Lake Coreyville, KY 87464",2025-03-16,"depression, COPD",,16.1,194.1,,,False
a4739077-b03a-4928-a3c7-59a1fb3a4c43,Jennifer,Z,Woods,Jennifer Z Woods,female,1945-09-05,"2052 Gentry Loaf, West Marcus, PA 41944",2025-04-13,diabetes,,11.2,113.0,,,False
abda7eb4-58ce-4ecf-86d8-54f975326aea,Heather,S,Burke,Heather S Burke,female,1970-05-04,"948 Victor Square Apt. 753, Braybury, RI 67113",2025-03-22,diabetes,"sertraline, metformin",17.2,136.7,,,False
18f4b94b-ea1d-472e-91d3-eedf6a597af4,Elizabeth,M,Perez,Elizabeth M Perez,female,1948-04-18,"2513 Aaron Junction, Brianaside, RI 36793",2025-08-14,"hypertension, arthritis","atorvastatin, metformin",15.1,144.3,,,False
1efddfab-94bd-4da3-857c-0a95644699bd,William,T,Reed,William T Reed,male,1988-03-23,"41240 Donald Flat Suite 345, North Sharonberg, WY 97642",2025-02-25,"diabetes, asthma, depression",,14.5,160.1,,,False
60c4660f-24da-4b33-8929-281b050908a0,Walter,Z,Colon,Walter Z Colon,male,1973-04-09,"88271 Adkins Streets, North Charles, PR 46943",2025-02-01,"COPD, hypertension",sertraline,14.5,84.0,,,False
121ba84a-67e0-4920-94df-f4018aa02a2e,Isaac,N,Phillips,Isaac N Phillips,male,1964-10-28,"260 Thomas Glens, Port Gabriela, OH 96758",2025-05-23,asthma,"lisinopril, albuterol",15.9,159.2,,,False
5e588964-908a-4d57-847d-757c0095b6dd,Taylor,Q,Roberts,Taylor Q Roberts,female,1999-05-25,"18278 Charles Village Apt. 162, South Danafurt, KS 37936",2025-02-01,"COPD, depression",albuterol,15.8,132.5,,,False
6d462306-1910-4e1c-a317-55ce2d2349f6,Kelly,Z,Mora,Kelly Z Mora,female,1948-01-21,"568 Lewis Loaf, Adamchester, NV 55350",2025-04-26,"hypertension, diabetes",metformin,17.0,157.9,,,False
81d9ffad-2cb5-4dd0-99ab-48020bc9139e,Brian,E,Robinson,Brian E Robinson,male,1951-11-30,"832 Gregory Avenue, East Alexiston, KS 16495",2025-07-17,hypertension,"metformin, atorvastatin",14.2,105.4,,,False
a2c7e288-56a5-4738-b989-927195aba85f,Edwin,A,Olson,Edwin A Olson,male,1943-02-16,"47116 Shannon Mountains Apt. 863, Foleychester, TX 47316",2025-06-17,"arthritis, asthma",lisinopril,15.0,117.9,,,False
7a5d5578-b2b5-47db-b5ab-784f1e55e4a4,Danny,A,Murray,Danny A Murray,male,2017-01-29,"PSC 1941, Box 8301, APO AA 86447",2025-03-18,"diabetes, arthritis",,11.9,109.8,,,False
064b1a31-6d75-4b7c-84a5-fd85bfefae08,Kristin,P,White,Kristin P White,female,1948-01-21,"36039 Fisher Isle, Fisherchester, AR 24719",2025-06-06,"diabetes, hypertension",,11.7,136.8,,,False
0c80f81f-c4d7-4981-8ebb-72a702fa05fc,Michelle,G,Richardson,Michelle G Richardson,female,1976-08-26,"762 Christopher Valleys, South Shelley, OK 57957",2025-01-07,"asthma, hypertension",,11.6,89.3,,,False
8bfc4c02-8fb9-4e16-a9cc-641f57ef25a8,Evan,A,Murphy,Evan A Murphy,male,1979-02-10,"23779 Matthew Plains Suite 758, Hannahside, MI 91252",2025-02-13,"depression, arthritis",metformin,17.4,106.9,,,False
736e8e83-f550-40ce-8a35-b61875a4a698,Benjamin,D,Garrison,Benjamin D Garrison,male,2001-04-06,"35756 Dodson Court Apt. 570, Lake Benjamin, MN 77183",2025-07-22,depression,,14.6,155.4,,,False
8050868e-fe46-40bf-a575-12e0ad9f4215,April,Z,Johnson,April Z Johnson,female,1993-07-02,"5633 Dyer Alley Apt. 393, Doyleton, VT 61645",2025-02-03,"hypertension, depression, diabetes","sertraline, albuterol",14.8,171.6,,,False
0793b580-5278-4154-ba2b-e06f9d3dc4a0,John,Q,Fry,John Q Fry,male,1943-08-14,"159 Lane Isle, Jasonland, NE 26407",2025-04-16,"COPD, arthritis",,13.4,73.6,,,False
f9752ab7-cd73-48f4-9c94-e04a5f3efdcf,Audrey,P,Thompson,Audrey P Thompson,female,1945-12-19,"3897 Joseph Oval, Lisamouth, VI 98740",2025-07-10,"arthritis, depression","sertraline, lisinopril",13.1,126.9,,,False
3e31d47f-c4ab-475e-b585-21449bd3e984,Mary,B,Curry,Mary B Curry,female,1936-09-01,"54770 Erin Path, New Annettemouth, IL 78108",2025-04-12,"COPD, asthma",,13.5,150.9,,,False
dd7a0c6f-8e11-4833-9ba4-655b9694462b,William,H,Decker,William H Decker,male,1952-12-08,"69375 Robert Land, West Samantha, NV 99580",2025-06-19,"hypertension, arthritis","metformin, lisinopril",17.1,110.2,,,False
d1e3e958-bf0c-49fc-bae2-7ed87eb25cbe,Timothy,U,Clay,Timothy U Clay,male,1962-02-15,"62898 Catherine Stream, Toddmouth, NE 34212",2025-04-26,"hypertension, COPD, depression",lisinopril,13.8,187.4,,,False
01e0fa79-b32b-4983-8bbc-8e2b372c9673,Stephanie,V,Dalton,Stephanie V Dalton,female,2024-11-30,"22468 Shawn Ramp Apt. 561, Jonesville, PR 92990",2025-05-13,"diabetes, COPD, arthritis","atorvastatin, metformin",16.9,142.0,,,False
3fa7d6c3-32af-4dc6-bb4f-71010e94d324,Timothy,R,Martin,Timothy R Martin,male,1980-11-14,"916 Elizabeth Villages, Higginsland, AK 43487",2025-03-17,arthritis,"atorvastatin, lisinopril",15.2,79.5,,,False
07a19aa4-d55e-43f5-bfd2-b3465fea9435,Brett,A,Gonzalez,Brett A Gonzalez,male,1958-12-20,"USS Ramos, FPO AP 67815",2025-06-29,"hypertension, arthritis, asthma","metformin, sertraline",17.4,99.3,,,False
183f3c2e-c2ac-42ed-90ae-12b3869e72e2,Alexandra,H,Ashley,Alexandra H Ashley,female,2015-09-11,"561 Butler Isle, New Alejandratown, VI 26277",2025-04-08,"arthritis, COPD, depression","metformin, atorvastatin",16.6,188.8,,,False
55190a9c-ea22-4823-b751-11a7caf743fd,Matthew,U,Kelley,Matthew U Kelley,male,2006-07-08,"PSC 0720, Box 6429, APO AP 98741",2025-01-21,"hypertension, depression, asthma",,13.6,159.0,,,False
b0057bde-d826-4336-8523-76e5858a4b59,Sharon,F,Fitzgerald,Sharon F Fitzgerald,female,2025-04-10,"1011 Jesus Drive Apt. 332, Diamondland, IA 03219",2025-07-04,"hypertension, asthma",,13.9,125.2,,,False
a69ab1e9-787c-41d4-8bfd-6b1443461245,Hunter,F,Marshall,Hunter F Marshall,male,2009-04-25,"67947 Richard Lakes, Katherinefurt, MT 73320",2025-08-22,diabetes,"sertraline, atorvastatin",12.7,184.5,,,False
839787ae-46de-4d17-8eb3-80e040938e2b,Brandon,V,Rosales,Brandon V Rosales,male,1959-05-27,"4164 Kramer Brooks Suite 642, Suzanneburgh, IA 21347",2025-07-23,"hypertension, depression, asthma",,16.2,132.3,,,False
2481868d-95a5-42e9-a931-888a3fb0418b,Holly,H,Ward,Holly H Ward,female,2019-07-05,"951 Tyler Square Suite 124, Lake Mary, WA 70734",2025-03-12,"arthritis, diabetes, asthma",,15.7,117.7,,,False
c1c4ba5c-27e1-4f44-b9df-aae2dff20253,Elizabeth,I,Ryan,Elizabeth I Ryan,female,1942-04-20,"92018 Matthew Wells, Lisatown, CO 92513",2025-07-13,hypertension,,12.6,142.8,,,False
414c8290-d8d9-40d6-ad3c-5f9d76492afb,James,C,Parker,James C Parker,male,1977-10-20,"686 Sullivan Loaf, North Heatherview, KS 01528",2025-02-14,depression,"metformin, albuterol",12.4,178.9,,,False
fb3c3451-d08a-4252-be5d-30920b16f9d5,Patricia,Z,Perry,Patricia Z Perry,female,1938-07-25,"677 Jeremy Underpass Suite 968, Codychester, TN 09381",2025-08-12,"asthma, hypertension, diabetes",atorvastatin,17.0,145.5,,,False
cd9d7fd7-8008-4086-9c90-6a4fc953bdc9,Gina,X,Mcguire,Gina X Mcguire,female,2017-12-13,"142 Thomas Points Apt. 443, Robbinsshire, SD 07559",2025-08-09,"depression, asthma, arthritis","lisinopril, atorvastatin",17.3,161.3,,,False
4df20df7-fa68-4ff3-b6f2-1415b88c031d,Zachary,W,Elliott,Zachary W Elliott,male,1984-10-29,"88060 Tanya Cape Apt. 464, Patricialand, NM 52254",2025-08-16,"hypertension, arthritis","lisinopril, albuterol",15.3,185.4,,,False
c87626ca-ef08-4901-aa67-42b684fbbffc,Christine,L,King,Christine L King,female,1999-05-02,"6800 Carl Ramp Suite 780, South Brandon, OK 78490",2025-01-19,"hypertension, COPD","lisinopril, atorvastatin",12.5,150.7,,,False
579c20c0-4310-40c7-b839-ebfba858aa71,Rachel,D,Sullivan,Rachel D Sullivan,female,1945-12-27,"18662 Rebecca Port, New Anntown, NV 41691",2025-07-29,arthritis,,13.3,179.4,,,False
c8f33458-2f8a-4020-91d3-06bbc1833945,Susan,U,Conrad,Susan U Conrad,female,1999-07-25,"0718 Robinson Lakes Apt. 262, Lake Tanyastad, MP 45885",2025-04-22,COPD,,13.0,151.5,,,False
3dda9cf3-14fe-4b31-a63e-0c835cd21fa4,Lisa,E,Krause,Lisa E Krause,female,1949-06-19,"23486 Travis Circles Apt. 016, Dawnchester, VT 36677",2025-01-10,"hypertension, asthma",,15.5,182.2,,,False
96d0eb87-bdac-4ff4-b4c1-b5ef21e8769a,Keith,O,Banks,Keith O Banks,male,1989-12-10,"510 Williams Viaduct Apt. 437, New Natalieberg, OH 21352",2025-03-30,"arthritis, COPD",metformin,14.9,169.5,,,False
bcd22bfa-6bd4-4a7e-988a-f12cf6805721,Laurie,A,Duran,Laurie A Duran,female,1948-04-03,"389 Robert Freeway, Clayborough, CA 09170",2025-07-15,"diabetes, COPD, depression","lisinopril, atorvastatin",15.9,100.0,,,False
3783dde6-9415-4719-b119-d9f62e9d55b4,Valerie,S,Hendrix,Valerie S Hendrix,female,2007-03-10,"7570 Daniels Estates Suite 357, South Daniel, MA 22034",2025-07-17,depression,"albuterol, atorvastatin",12.9,196.1,,,False
c0d1f208-0bbc-4959-8894-f12e0b14c33c,Ryan,M,Fisher,Ryan M Fisher,male,2008-01-17,"4714 Baxter Mall, South Alexandra, KS 64345",2025-08-12,"asthma, hypertension",,12.2,76.0,,,False
15af5636-0fb6-4b98-bb03-18d90b1497f3,Sean,T,Smith,Sean T Smith,male,2013-12-25,"1692 Jennifer Crossing, Port Laurie, HI 60155",2025-07-31,"diabetes, asthma",,12.3,98.0,,,False
00e562a6-00f9-4a53-8267-d81423a5e737,Michael,J,Campbell,Michael J Campbell,male,1968-02-26,"646 Zachary Forest, South Markshire, DC 59747",2025-04-03,"asthma, depression",,15.2,150.0,,,False
434c9e33-7fe3-4d3f-9159-a7c49d1823aa,Suzanne,J,Hernandez,Suzanne J Hernandez,female,1940-11-21,"01753 Daniel Spur Suite 896, Mcdowellstad, WY 69488",2025-01-16,"asthma, COPD",,14.8,146.5,,,False
47aac516-5c4a-4edf-a536-769e7c82a621,Danielle,M,Hayes,Danielle M Hayes,female,1985-08-27,"49141 Mendoza Pine Apt. 414, Port Kevinmouth, AZ 41219",2025-05-07,"asthma, diabetes, arthritis",,12.1,107.7,,,False
51f58d63-7b72-4b51-be23-278de7af67d8,Brandon,T,Green,Brandon T Green,male,1936-01-11,"47080 Scott Isle, South John, WI 36290",2025-05-21,"diabetes, arthritis, depression","albuterol, metformin",16.5,190.4,,,False
12f559f6-46ef-4a17-a68a-d7068023d8a6,Scott,E,Colon,Scott E Colon,male,1981-07-20,"6219 Joseph Springs, Lake Michelle, DE 38295",2025-07-20,arthritis,,16.2,100.3,,,False
9035d214-7b4a-4650-b3fc-393976566c3a,Austin,F,Sanders,Austin F Sanders,male,1981-09-28,"94381 Michael Meadows, Lyonsville, NM 65629",2025-01-28,hypertension,,11.9,125.2,,,False
be988ae9-e455-4419-bf05-f8f3bf60e503,Pamela,H,Erickson,Pamela H Erickson,female,2004-06-27,"73999 Katherine Viaduct, West Rebeccaland, AL 95067",2025-06-27,diabetes,,15.4,137.2,,,False
4ca53108-0b37-4d01-9fb5-defa8d2b4ea8,Jennifer,M,Edwards,Jennifer M Edwards,female,1995-05-04,"Unit 4942 Box 2094, DPO AA 94197",2025-04-27,asthma,"lisinopril, metformin",11.1,174.9,,,False
205cffe0-444b-41d9-bd77-05f572c433e9,Emily,U,Waller,Emily U Waller,female,2022-10-28,"870 Walker Greens, Lake Brandihaven, HI 68180",2025-05-16,asthma,metformin,12.9,140.4,,,False
76f853c8-7e92-4572-b067-5e7b111921b1,Angela,D,Williams,Angela D Williams,female,1993-04-04,"1840 Kelly Loop, Jacquelinefort, MA 75751",2025-05-02,asthma,,12.6,191.0,,,False
7d94d995-436b-43c2-b655-9029caa719b2,Richard,R,Rollins,Richard R Rollins,male,1951-09-22,"34845 Peters Island Suite 465, Port Andrewside, NH 41887",2025-04-17,"arthritis, diabetes, COPD",,13.9,184.9,,,False
31feefa8-f1b6-4286-bb4e-0326e0c4f5e9,Sarah,Q,Ellison,Sarah Q Ellison,female,1956-03-30,"26632 Ferrell Square Suite 480, Port Curtis, GU 59792",2025-07-31,arthritis,,14.6,148.0,,,False
e868941a-570a-4f72-8bb7-0268674bd9f1,Melissa,U,Moon,Melissa U Moon,female,1997-12-19,"251 Danielle Manors Suite 233, Scotttown, LA 09278",2025-04-26,"arthritis, hypertension","sertraline, albuterol",15.6,141.9,,,False
cfa3a0dd-1a87-4fc0-88b8-d081dd1079ac,Kim,Z,Jacobson,Kim Z Jacobson,female,1939-11-19,"819 Susan Radial Suite 763, Lake Julie, SD 20109",2025-06-07,hypertension,"sertraline, metformin",14.0,135.2,,,False
1010520e-0ab3-442f-900d-993930333996,John,R,Burton,John R Burton,male,1996-03-01,"59598 Stacey Dam, West Ashley, MI 96445",2025-01-19,"depression, hypertension, arthritis",metformin,17.2,163.5,,,False
051ef180-ba69-4871-b6a7-64230dd439f4,Donna,Q,Lambert,Donna Q Lambert,female,2003-02-16,"6010 Hailey Turnpike Suite 442, Port Kathleen, PW 72832",2025-05-21,"hypertension, COPD, asthma",metformin,14.4,99.3,,,False
4dd58eac-dad7-4a7a-94b2-5c580fb00e4a,Richard,R,Lopez,Richard R Lopez,male,1952-08-19,"88560 Mccarthy Park Suite 529, Hannahmouth, UT 01424",2025-06-11,"hypertension, COPD, diabetes",metformin,16.2,157.3,,,False
1a9aa1b4-f8a6-4c7f-8a53-7539c2a45160,Jodi,H,Camacho,Jodi H Camacho,female,1995-06-04,"616 Rita Plaza, New Tyler, MN 08989",2025-03-09,"arthritis, depression, asthma",,13.4,110.3,,,False
127d614a-e197-4816-9787-b70966b50326,Monica,A,Peters,Monica A Peters,female,1941-04-11,"1256 Hanson Motorway Suite 702, Donaldville, AK 33174",2025-07-05,"arthritis, depression, COPD",atorvastatin,14.2,83.7,,,False
3e7556bf-3629-4ed9-915b-8848e314229b,Elizabeth,B,Harris,Elizabeth B Harris,female,2000-04-10,"191 Alvarez Roads Suite 609, Lake Allison, ID 81686",2025-07-08,depression,,13.3,135.9,,,False
2afc123b-2e31-4a8e-bec9-3dfacd5ac974,Jerry,I,Stevens,Jerry I Stevens,male,2014-03-18,"1057 Johnson Glen, Port Deniseport, VT 75321",2025-08-19,depression,"metformin, sertraline",11.9,153.5,,,False
664dae40-bae2-4e59-b590-d6ca87875d50,Greg,C,Marshall,Greg C Marshall,male,1981-11-20,"0184 Collier Forest Apt. 498, New Williamhaven, PR 39730",2025-04-08,hypertension,,12.7,177.8,,,False
f5769f4a-3bee-4d66-bdd0-2b84fc4529aa,Terri,N,Diaz,Terri N Diaz,female,1970-03-18,"22110 Wilson Harbors, North Kristinfort, ID 62581",2025-07-04,COPD,"sertraline, metformin",13.2,82.1,,,False
aca3b40b-fb8b-42b2-a257-0dc5b3cd58fd,David,V,Shepard,David V Shepard,male,2003-04-18,"8455 Lopez Locks Apt. 119, Hamiltonbury, NM 68573",2025-04-18,"COPD, hypertension, asthma",lisinopril,11.5,193.8,,,False
b797b5dc-81a5-4127-a55b-f15fdfa6e6d0,Tiffany,S,Hodge,Tiffany S Hodge,female,1935-02-11,"025 Burton Square Apt. 609, East Angela, SD 17906",2025-05-14,"COPD, diabetes","sertraline, atorvastatin",16.5,123.4,,,False
940240ef-9ae3-44ff-aba6-6e4b791b2db0,Craig,R,Anderson,Craig R Anderson,male,1973-08-14,"3883 Valerie Turnpike Suite 839, Lake Davidville, AZ 08148",2025-03-23,"arthritis, asthma","metformin, atorvastatin",17.2,130.0,,,False
26b91ba6-2829-4ebc-9074-4cd7b4f11cdb,Justin,F,Yoder,Justin F Yoder,male,2021-12-15,"08124 Garcia Point Suite 199, New Cameron, AK 81581",2025-03-19,"COPD, asthma, hypertension","albuterol, lisinopril",14.4,73.4,,,False
1758de61-7e50-4b28-a797-af766d8316dc,Alexis,K,Wagner,Alexis K Wagner,female,2009-07-26,"9974 Timothy Shore Apt. 785, North Nicoleland, PW 84041",2025-08-22,"asthma, depression, COPD","metformin, sertraline",15.9,125.6,,,False
d2e46557-abc9-4327-b2ca-b10b0207a734,Anthony,S,Macdonald,Anthony S Macdonald,male,1952-08-17,"PSC 4908, Box 9286, APO AE 09414",2025-03-08,diabetes,metformin,16.8,94.5,,,False
7fd42925-7495-462e-b953-125918fc1d33,Cynthia,F,Riley,Cynthia F Riley,female,1987-08-16,"968 Solomon Course Suite 007, Richardport, ID 33462",2025-01-25,"hypertension, diabetes, COPD",sertraline,13.2,120.7,,,False
46fc93ce-9842-4a10-97f7-6ad54ea50c02,Lisa,Q,Bauer,Lisa Q Bauer,female,1992-01-13,"52749 Darlene Views, Sydneystad, AL 45000",2025-02-26,"hypertension, diabetes","lisinopril, albuterol",13.9,110.0,,,False
55cc4d9c-d02f-4077-81e2-2da2f9ed3f5f,Jose,W,Gonzales,Jose W Gonzales,male,2025-04-08,"USS Jackson, FPO AP 87492",2025-03-14,"arthritis, depression","lisinopril, atorvastatin",13.8,87.1,,,False
87c9e17b-b306-4bda-a804-acbf734ac5d4,Timothy,X,Davis,Timothy X Davis,male,1948-08-23,"5152 Randall Mission Suite 105, Alisonbury, ME 30293",2025-03-30,diabetes,,13.9,193.5,,,False
f3ef5561-1cfc-46b7-b169-222586946375,Kristen,R,Jenkins,Kristen R Jenkins,female,2003-06-26,"1259 Bowen Crossroad, Carterberg, AZ 36930",2025-03-09,asthma,albuterol,16.4,123.7,,,False
a3157071-d785-476b-8618-802ae52b9a51,Jasmine,Y,Wilson,Jasmine Y Wilson,female,2003-10-11,"3142 Crystal Turnpike Apt. 445, South Jeffreyland, IL 10056",2025-06-25,"arthritis, asthma",lisinopril,12.2,102.3,,,False
63e59942-78bb-4d53-9069-4b644924be8d,Cassie,A,Vega,Cassie A Vega,female,2013-07-14,"52388 Kyle Mountains, Brianport, MT 01168",2025-08-20,"depression, arthritis, hypertension",albuterol,14.5,174.7,,,False
9c4d0f1a-0680-49bf-abf4-c98676537b75,Patricia,I,Grant,Patricia I Grant,female,2003-09-05,"2150 Gilbert Junction Apt. 053, South Erin, HI 42106",2025-01-15,"depression, asthma","sertraline, albuterol",15.5,114.0,,,False
8c1895c3-b9d9-412a-936d-ad54adfcd95b,Randall,G,Brown,Randall G Brown,male,2003-08-14,"29972 Daniels Pine Suite 697, South Codyshire, WA 51859",2025-03-13,"COPD, arthritis",sertraline,12.3,99.0,,,False
11404648-6172-46d0-986c-5bbed80d55a0,Roger,Q,Garcia,Roger Q Garcia,male,1964-12-08,"927 Christopher Ford Apt. 345, Bishopville, TX 32146",2025-06-15,"COPD, asthma",atorvastatin,17.2,82.6,,,False
b9430c34-1943-4fcb-a65d-e7f92ae6d6e5,Terrance,B,Lopez,Terrance B Lopez,male,1989-08-08,"6230 Perez Squares Apt. 160, Juanview, NY 37576",2025-01-14,"asthma, COPD, hypertension","metformin, lisinopril",11.9,146.1,,,False
d619bc9e-509a-4878-9dcc-688844640310,Kyle,I,Drake,Kyle I Drake,male,1996-11-06,"2688 Skinner Gardens, South Dustinburgh, PA 28654",2025-03-19,"hypertension, pregnancy, opioid addiction",,17.5,154.1,383-25-1710,880-539-6879,True
2e20581b-16f9-42b9-b796-3730acc45c20,Amy,J,Smith,Amy J Smith,female,1975-11-02,"457 Love Springs Suite 197, Frankview, MP 93034",2025-04-25,"diabetes, arthritis, opioid addiction",lisinopril,12.5,185.7,724-74-6425,4562036669,True
c7b9f4c0-1b57-4c37-b672-7977adb03cc7,Daniel,V,Oneal,Daniel V Oneal,male,1984-04-28,"578 Kayla Turnpike Apt. 250, Victorialand, AZ 02086",2025-06-14,"arthritis, pregnancy, opioid addiction",metformin,11.9,137.2,728-89-2152,695-246-2994x0799,True
2982e58f-1b99-4432-94d0-d0d87798b123,Barry,U,Harris,Barry U Harris,male,1983-01-10,"100 Alyssa Lakes Suite 490, Lake Scott, HI 23102",2025-05-21,"diabetes, pregnancy, opioid addiction",,16.7,170.7,360-50-4826,001-260-345-2682x871,True
195e4532-0dac-4428-b35d-48b4cd7a7031,Chelsea,E,Peterson,Chelsea E Peterson,female,1966-03-08,"098 Karen Hollow, New Kathrynside, MI 50387",2025-01-28,"COPD, opioid addiction",,13.8,127.8,551-55-4394,(453)592-5648x40731,True
648dbcea-ab11-400a-a915-88e5d8d264ad,Kenneth,X,Williams,Kenneth X Williams,male,2023-05-11,"29007 Schultz Oval, Ianshire, IN 62628",2025-06-12,"arthritis, pregnancy, opioid addiction",metformin,13.2,171.5,744-34-0832,(505)595-1491x3821,True
0bcb6a1d-ccf7-4bc1-8f05-fd8cfede9d87,Michael,A,Randall,Michael A Randall,male,2021-01-09,"3772 Berger Village, Petersonview, CO 18305",2025-07-29,"asthma, COPD, pregnancy, HIV",lisinopril,16.7,182.6,149-35-7373,404-381-3948x55186,True
0538d43a-e5bc-4294-8d8d-f269dde78035,Heather,N,Johnson,Heather N Johnson,female,2011-03-01,"4824 Jones Drive Apt. 589, Barberton, OR 39170",2025-06-29,"arthritis, diabetes, hypertension, opioid addiction",,,,555-32-5718,001-839-864-3034x646,True
fb567770-60c2-4d9a-ad4d-a7d88f051128,Teresa,P,Braun,Teresa P Braun,female,1988-04-29,"3148 John Underpass, West Yvonne, ME 04276",2025-08-09,"hypertension, arthritis, opioid addiction",,14.7,82.0,295-75-3794,(294)261-0306x6521,True
bcdf9993-d00a-4a93-bbea-49f42d34973e,William,Q,Campbell,William Q Campbell,male,2021-03-29,"257 Brittney Branch Suite 113, North Patrick, NY 15955",2025-08-03,"hypertension, depression, diabetes, pregnancy, HIV","albuterol, metformin",11.9,146.1,480-22-5173,7357448589,True
b2cd8b05-9d63-4dc8-bd52-9daf090bfbd6,Kathleen,L,Pena,Kathleen L Pena,female,1937-11-03,"7267 Brittany Ridges Suite 880, South Larry, IN 44754",2025-02-15,"diabetes, COPD, opioid addiction",metformin,13.3,99.2,709-57-5731,(622)242-3388,True
43733f17-1a5c-475a-9ab5-d7df42e588e5,Krystal,T,White,Krystal T White,female,1988-11-27,"628 Marshall Rest Apt. 767, New Laurenside, UT 94026",2025-05-11,"arthritis, asthma, diabetes, HIV",lisinopril,17.0,123.8,359-61-6788,687-349-6124x70093,True
155363a5-3123-4e78-8757-6aead3648e3f,Karla,X,Williams,Karla X Williams,female,1993-07-17,"Unit 7310 Box 2781, DPO AE 69183",2025-05-07,"asthma, COPD, hypertension, HIV",,12.7,84.1,164-52-0368,821.288.7797x75138,True
7b5f1207-2f39-40ef-839a-85a10826873b,Perry,W,Lamb,Perry W Lamb,male,1966-10-05,"225 Lynch Row Suite 258, Lake Michaelstad, SD 20315",2025-05-21,"arthritis, pregnancy, HIV",,12.0,155.6,248-71-7268,001-333-394-7517x013,True
15691c46-e9f8-457f-baa8-0cff34c84e48,Alicia,F,Lewis,Alicia F Lewis,female,2000-12-26,"USS Anderson, FPO AA 36775",2025-05-13,"hypertension, asthma, COPD, HIV","lisinopril, atorvastatin",,,822-60-4556,559-812-8336x04962,True
564fab1f-c41c-44d1-9ad2-f58d115d0ebb,Donald,K,Jackson,Donald K Jackson,male,1935-10-20,"USNV Arnold, FPO AE 28617",2025-05-16,"hypertension, diabetes, pregnancy, HIV",,14.3,160.3,763-86-1270,8976433513,True
c2b5af21-713a-447d-9468-5acc62444639,Victoria,O,Rogers,Victoria O Rogers,female,1967-07-19,"PSC 6184, Box 8825, APO AE 45502",2025-03-06,"arthritis, opioid addiction",,,,202-20-8729,001-446-591-4052,True
1c49dd8c-6915-4555-9d15-02301f3041b0,Edward,J,Ortega,Edward J Ortega,male,1975-11-19,"673 Carey Streets, East Louisbury, MN 92131",2025-04-17,"hypertension, diabetes, pregnancy, opioid addiction",,15.9,73.9,183-02-8548,(872)475-9740,True
639aeb4c-1991-4494-a9d1-f9b2657fe36d,Cynthia,A,Richardson,Cynthia A Richardson,female,2016-12-21,"28523 Juan Meadows, Austinview, WA 96839",2025-08-25,"depression, COPD, hypertension, HIV","lisinopril, sertraline",14.4,168.9,382-35-8911,001-466-820-3337x00144,True
4dc5b952-0186-4d6f-af0e-6caffcfda14f,Krista,V,Erickson,Krista V Erickson,female,1974-05-27,"602 Edwin Loaf Suite 694, North Michaelville, UT 07217",2025-08-20,"COPD, hypertension, asthma, opioid addiction",lisinopril,17.1,140.0,706-64-9779,9988967375,True
ddf8ccb3-c467-4b3a-806a-cdf7c7f69cb8,Scott,O,Russell,Scott O Russell,male,2014-10-28,"4696 Perez Stream Apt. 979, North Danview, NJ 09624",2025-02-19,"COPD, pregnancy, opioid addiction","lisinopril, albuterol",14.6,173.1,533-93-3246,645-571-3490,True
5b2d0d4e-0456-4a75-a376-c25d526afbd9,Peter,Q,Bates,Peter Q Bates,male,1939-06-14,"055 Pugh Lane Suite 628, Kurttown, OR 69796",2025-05-15,"diabetes, hypertension, pregnancy, HIV",albuterol,17.5,163.3,367-24-9627,(764)352-6565x8774,True
ad133f5e-8b5e-4e88-9505-431fe10ad6ef,Justin,M,Bradley,Justin M Bradley,male,1988-11-28,"4203 Sherri Groves Apt. 487, Clayland, WV 76938",2025-01-26,"diabetes, depression, asthma, pregnancy, opioid addiction","atorvastatin, lisinopril",13.5,135.3,353-77-8772,+1-536-734-8588,True
5d4b2352-9086-4b12-9edf-c5abc20a69d3,Donald,K,Long,Donald K Long,male,2006-05-02,"USNS Lee, FPO AP 71747",2025-05-12,"hypertension, pregnancy, HIV",,,,872-94-9494,+1-638-676-0524x6695,True
0756c63b-7e95-4775-b7cc-9a5071ccfd2c,John,T,Alexander,John T Alexander,male,1989-01-03,"0778 Reyes Trail, Clarkfurt, MT 23232",2025-04-01,"diabetes, asthma, depression, pregnancy, HIV",,,,703-13-5339,619-792-0754x5371,True
b7bbc209-d251-4a0d-aa9b-8989973c5d7e,Tara,J,Brown,Tara J Brown,female,1978-09-18,"97618 Barbara Spurs Apt. 402, Smithton, WI 27639",2025-04-18,"COPD, diabetes, arthritis, opioid addiction",,12.3,176.7,089-18-8347,+1-805-752-6436x480,True
3bac483f-8082-4502-8bd5-99097221d33d,Michael,R,Bryan,Michael R Bryan,male,1976-12-22,"87210 Johnson Meadows, New Douglasborough, WV 10186",2025-04-07,"asthma, depression, pregnancy, opioid addiction",sertraline,,,600-62-0334,(647)849-9965,True
65264f3c-d2f3-4604-8548-df7a30ae3c84,Glenn,W,Ramirez,Glenn W Ramirez,male,1991-04-28,"79338 Tracy Roads, Newmanton, NM 72038",2025-05-04,"asthma, depression, pregnancy, opioid addiction",,,,844-30-5787,987.542.6742x207,True
b416b257-5225-4e14-9521-66d94ff3f05a,David,Y,Martin,David Y Martin,male,1989-05-12,"69884 Stewart Pines, Christianton, KS 93607",2025-02-26,"asthma, arthritis, pregnancy, HIV",,,,056-51-6824,+1-615-458-8049x143,True
2991b282-ce82-42f3-b985-2d2a58534557,Shane,N,Knight,Shane N Knight,male,1984-04-12,"USNV Griffith, FPO AE 65416",2025-03-15,"asthma, pregnancy, HIV",,13.3,102.3,783-75-3313,+1-642-295-0663x720,True
82e70b68-50e5-4521-9c5b-dfc49bedd8a0,Jennifer,K,Chen,Jennifer K Chen,female,1980-02-29,"1594 Eric Ridge Apt. 422, Nicholasmouth, NE 35595",2025-04-23,"depression, asthma, hypertension, opioid addiction",,,,834-66-9597,(704)782-0952x3799,True
68670fbd-505e-4156-863a-05d9149213e2,Chad,S,Parker,Chad S Parker,male,1951-09-07,"039 Matthew Brooks, Port David, NY 28511",2025-05-14,"arthritis, depression, asthma, pregnancy, HIV",,13.0,86.4,821-55-4337,364-398-3072x2503,True
6236b92b-936f-4d89-8aab-221315466fc6,Sherry,Q,Hill,Sherry Q Hill,female,1963-09-04,"63516 Erickson Shore, East Jeremyville, NJ 90539",2025-01-29,"hypertension, HIV",,16.3,86.7,724-81-7718,508-526-9226x41192,True
415eec8d-b9cf-469f-874a-c0d4b76bb075,Susan,G,Taylor,Susan G Taylor,female,1945-12-11,"USCGC Martin, FPO AA 60532",2025-08-11,"arthritis, depression, asthma, opioid addiction",,,,566-37-7981,882-919-0520,True
e9d07d2c-0d1a-4e10-9811-be2164f23d39,Dawn,T,Carr,Dawn T Carr,female,2021-06-22,"5855 Shannon Fort Apt. 659, New Mark, TX 75841",2025-08-11,"COPD, asthma, opioid addiction",metformin,11.8,177.7,801-42-5616,478.819.0830x223,True
8e4d03fd-b193-47dc-ba94-41f3525beb91,Courtney,S,Rogers,Courtney S Rogers,female,2021-04-26,"437 Linda Rapids Suite 315, Laurenbury, NJ 93673",2025-01-26,"COPD, hypertension, depression, opioid addiction",,,,012-92-2971,563.504.5260x3671,True
4ab98ee5-6c90-4bcf-9146-43fad7ce46ef,Troy,N,Lawrence,Troy N Lawrence,male,1979-06-21,"18582 Robert Vista, Adamsville, NY 03386",2025-05-12,"hypertension, pregnancy, opioid addiction",,14.2,131.3,283-32-0281,547-970-3395,True
04216856-dbf6-42e0-83c3-074761fd19c2,Jennifer,O,Perez,Jennifer O Perez,female,1989-07-07,"54070 Robert Village, Hollyport, MS 32014",2025-07-18,"arthritis, HIV",lisinopril,17.1,114.1,139-61-0235,+1-276-798-4025x46652,True
5d5c9fbe-7a97-432e-a443-72f8ef0c766a,James,O,Holland,James O Holland,male,2012-03-26,"342 Wilkins Prairie Suite 553, Chaseborough, PR 03154",2025-06-26,"COPD, hypertension, asthma, pregnancy, HIV","metformin, albuterol",,,224-42-6741,+1-748-584-8940x2866,True
9ef1c7a1-3456-4412-b273-e6251754b0f7,Jessica,Z,Robertson,Jessica Z Robertson,female,2002-11-13,"616 Smith Walk Suite 415, Johnhaven, VA 73578",2025-06-06,"arthritis, depression, hypertension, HIV",albuterol,14.7,163.7,320-74-9377,001-343-641-9555x9080,True
05359ec6-045a-4be0-ad38-4a7e564f05f5,Leslie,B,Smith,Leslie B Smith,female,1965-12-30,"29735 Kevin Overpass, West Michaelville, WA 37450",2025-01-07,"depression, asthma, diabetes, opioid addiction","sertraline, lisinopril",,,753-97-5300,8557784652,True
252c2261-4c2a-4f3e-b8b2-6c0bf1c8b586,Kimberly,T,Parker,Kimberly T Parker,female,1938-07-22,"4804 Tricia Fort, Jamesfurt, FL 06028",2025-03-21,"asthma, arthritis, depression, HIV",,,,742-94-0492,001-248-977-2561,True
c35e7546-dca0-4db2-b2cf-3c42165f2c31,Christian,F,White,Christian F White,male,1993-10-07,"52758 Lori Harbor Suite 134, East Christineport, PA 02002",2025-01-11,"COPD, arthritis, pregnancy, opioid addiction","lisinopril, sertraline",12.3,187.3,395-54-1326,+1-821-806-0826x581,True
c1e39bae-a2dd-416d-8988-d47f28186223,Mary,X,Nielsen,Mary X Nielsen,female,1979-10-21,"357 King Estates, Mullinsport, VI 89110",2025-07-07,"hypertension, diabetes, COPD, opioid addiction",,11.5,147.4,260-61-8804,511.980.6107,True
8749bb37-e3b5-4141-b792-b344bd00e5fe,Mark,I,Juarez,Mark I Juarez,male,2024-03-08,"982 Holland Pass Suite 885, South Patriciashire, PW 13379",2025-06-03,"arthritis, asthma, depression, pregnancy, HIV",,13.1,77.6,135-30-2550,315-779-5610x6228,True
b2a62dd7-fbc3-44dc-9c0f-093270666227,Marie,N,Fitzgerald,Marie N Fitzgerald,female,1981-12-09,"Unit 9730 Box 4189, DPO AE 57679",2025-05-25,"COPD, diabetes, hypertension, opioid addiction","lisinopril, atorvastatin",15.3,127.3,268-47-3592,558-996-9025,True
bdda4db1-4ef3-4641-aaf4-3eef618e5887,Daniel,H,Coleman,Daniel H Coleman,male,1953-02-04,"1873 Dana Island, Nashview, MD 23550",2025-02-15,"arthritis, hypertension, COPD, pregnancy, opioid addiction","albuterol, atorvastatin",,,076-19-5367,(814)843-5328x9521,True
4dc3bb39-d1aa-44dd-8c2d-2a74d73d3c47,Brady,I,Mullins,Brady I Mullins,male,1980-02-09,"728 Meza Rue, Ryanchester, MA 48484",2025-04-07,"asthma, hypertension, diabetes, pregnancy, opioid addiction","atorvastatin, metformin",11.5,195.9,850-25-8454,3824071854,True
c4dcd3c6-c898-4692-8e3e-906e9a70425b,Bianca,A,Cook,Bianca A Cook,female,1935-10-17,"151 Boyd Dale Suite 372, Donnaborough, ID 55453",2025-03-23,"asthma, diabetes, HIV",,,,474-73-5780,(939)379-5558x58077,True
12d7bb33-ff82-4dcb-bd4e-d04a79a40082,Catherine,D,Tucker,Catherine D Tucker,female,1942-01-12,"7653 Gary Hill Apt. 999, Danaport, NJ 02114",2025-04-21,"arthritis, COPD, diabetes, HIV",albuterol,11.4,140.7,658-35-9372,001-371-951-4291x210,True
ace2b5b1-9eb5-428e-a8b8-a25a4c2c7307,Raymond,W,Mcdaniel,Raymond W Mcdaniel,male,1967-09-24,"709 Richard Rue, Johnborough, GA 93599",2025-02-26,"COPD, asthma, hypertension, pregnancy, HIV",albuterol,11.3,143.7,791-20-9623,5906192081,True
5c5b30e4-e1f0-4a71-b121-29f2a569827c,Tonya,X,Macdonald,Tonya X Macdonald,female,1943-05-25,"131 Higgins Mountain Apt. 605, Stuartbury, MA 86433",2025-07-30,"asthma, hypertension, depression, HIV",lisinopril,12.4,95.0,562-09-8752,667-474-2182x54936,True
f231409d-5ac6-4f3a-aeaf-6e046cce429b,Kelly,W,Brown,Kelly W Brown,female,2004-03-12,"7080 Micheal Summit Apt. 666, Ryanfurt, AL 32664",2025-01-21,"depression, HIV",metformin,14.6,118.2,857-76-5072,953.373.5841x564,True
c8eee729-0c25-45ad-930c-c2c1eac5604b,Natalie,L,Owens,Natalie L Owens,female,2021-09-25,"466 Cesar Views Apt. 512, Danielhaven, FL 87310",2025-06-16,"diabetes, arthritis, depression, HIV","metformin, lisinopril",13.7,100.8,559-32-4511,372.895.3306,True
f6a70d11-87f4-4981-ad16-865ef74876f5,Duane,N,Mccall,Duane N Mccall,male,1955-01-31,"14096 Leslie Prairie, North Michelle, NE 84637",2025-04-29,"depression, asthma, pregnancy, opioid addiction",metformin,,,123-59-9589,(631)427-9058x855,True
13a84a05-342b-45ec-add8-119070791bdf,Elizabeth,V,Goodwin,Elizabeth V Goodwin,female,1964-08-02,"828 Michael Island Suite 203, East Staceyview, FL 89679",2025-05-12,"COPD, hypertension, opioid addiction",,,,432-60-1409,+1-376-888-6331x3851,True
117d0258-a216-45ed-b31c-59906caf50a7,Matthew,T,Johnson,Matthew T Johnson,male,2005-04-12,"22688 Adkins Rest Apt. 303, New Josephview, SD 23034",2025-04-18,"asthma, pregnancy, HIV",,,,119-38-6094,563.907.3391,True
3ef70148-f444-4bf2-868b-24be2877f3ad,Yolanda,Z,Small,Yolanda Z Small,female,1959-11-01,"USS Sanders, FPO AP 71242",2025-04-03,"diabetes, opioid addiction",,13.6,134.5,074-27-2414,330.529.2277x97357,True
dfb27223-a007-4956-8e17-0606d5aea634,William,H,Curtis,William H Curtis,male,1964-07-06,"8934 Brittany Dale, Stephenfurt, UT 73648",2025-04-18,"depression, asthma, pregnancy, HIV",,,,075-90-3168,935.382.9422x866,True
48601de7-f05c-4017-a9f2-161952bd9598,Angela,A,May,Angela A May,female,1954-01-20,"73496 Matthew Place Suite 918, Port John, MP 79813",2025-01-08,"COPD, opioid addiction","metformin, lisinopril",15.6,85.7,812-40-3044,001-302-445-6354x98910,True
d46b58b2-baa1-4c7c-aafb-a983c35e3af6,Steve,V,Ortiz,Steve V Ortiz,male,1982-05-23,"54747 Li Rapids Suite 884, North Sharonbury, AR 33410",2025-03-23,"asthma, pregnancy, opioid addiction",metformin,15.9,70.5,683-11-7984,+1-831-622-3832x626,True
484f2c75-cf77-4f72-825b-2fa459a4da6e,Melissa,S,King,Melissa S King,female,1964-12-22,"61763 Kevin Field Suite 038, South Jessica, ND 89237",2025-01-19,"diabetes, depression, opioid addiction","metformin, lisinopril",,,595-62-5521,803.232.2843x37318,True
ef092643-ca1e-4428-903a-fdd4271ad9cd,Angela,P,Harris,Angela P Harris,female,1945-11-02,"027 Trevino Groves, Richardsshire, MP 87465",2025-07-28,"diabetes, arthritis, COPD, HIV",,,,154-12-0591,963.591.4268,True
0eb0ec21-52d8-4760-a1e9-45669368cc9a,Jade,E,Reed,Jade E Reed,female,1979-09-02,"33301 Anderson Plaza Suite 669, Jamesstad, MP 75767",2025-08-04,"diabetes, hypertension, opioid addiction",,12.2,134.7,579-54-7560,509-926-8144,True
399b57c0-73c1-4b4e-9ee3-66c98cf1bd1e,Jacob,R,Marshall,Jacob R Marshall,male,1956-05-25,"9003 Scott Canyon, North Adam, FM 79810",2025-03-03,"depression, hypertension, pregnancy, opioid addiction",,,,341-15-6493,001-897-824-0033x44263,True
f1fcc3c0-4f2e-4969-af76-6e2fa46922b3,Randy,Q,Clark,Randy Q Clark,male,2011-05-31,"20953 Brown Mission Apt. 192, South Maria, IN 83592",2025-05-13,"depression, hypertension, pregnancy, HIV","albuterol, lisinopril",,,574-45-2190,(359)368-2045x009,True
76da60b8-30ec-4c35-93d9-27ea0d4f0374,Christine,L,Stevenson,Christine L Stevenson,female,1989-07-29,"4845 Patrick Garden, South Juliashire, VA 50527",2025-02-16,"asthma, opioid addiction",,13.1,110.4,482-65-2995,790-217-5797x938,True
f660a33b-66e4-4d61-8c0e-92061e8f0621,Kimberly,I,Guerrero,Kimberly I Guerrero,female,1987-06-21,"408 Salazar Burgs, North Patrickland, NE 05530",2025-06-23,"hypertension, COPD, opioid addiction","lisinopril, sertraline",12.8,194.9,105-88-4882,+1-832-499-6548x205,True
8f5bd1ef-913e-463b-af0e-0ef9c779c2bf,Melissa,S,Brown,Melissa S Brown,female,1966-08-01,"2791 Adam Forge Suite 043, Brucehaven, LA 12007",2025-04-28,"arthritis, diabetes, opioid addiction",,13.7,105.5,356-28-4194,783-301-0722x834,True
ac65725b-8ca0-4b40-bf96-236c4f24a4c0,Kenneth,X,Horn,Kenneth X Horn,male,1984-12-12,"1803 Dickerson Springs Suite 968, New Bridget, WY 16943",2025-04-07,"arthritis, COPD, hypertension, pregnancy, HIV",,,,633-72-8092,001-205-269-9923,True
3230f108-f9af-4489-a743-9b6b3ce63726,Melissa,Z,Mendez,Melissa Z Mendez,female,1955-10-13,"PSC 8848, Box 5404, APO AP 00819",2025-02-01,"arthritis, depression, diabetes, opioid addiction",,16.5,78.6,562-09-2309,3482427601,True
d7894dc9-e83c-414c-8b58-c210167c44d6,Edward,E,Robinson,Edward E Robinson,male,1940-08-16,"232 Christopher Brooks, West Hailey, CA 73705",2025-02-19,"diabetes, hypertension, pregnancy, HIV",,,,029-37-3225,(316)515-2813x558,True
279e8d99-4e90-403e-b1ba-e08e49460114,Jessica,S,Davidson,Jessica S Davidson,female,1983-01-18,"547 Joshua Fort Apt. 301, Andersonberg, OR 15014",2025-05-08,"hypertension, depression, opioid addiction",lisinopril,15.6,167.2,776-69-0401,001-502-992-4854x94978,True
b6ea393a-302c-498f-85fe-68367200a594,Gregory,X,Dixon,Gregory X Dixon,male,1950-02-10,"124 Hart Greens Apt. 654, Lake Tina, SC 95289",2025-05-02,"COPD, pregnancy, opioid addiction",,14.8,143.6,584-78-8239,001-599-219-5688x1596,True
6964c640-4196-451c-b0e3-22118e29f826,Charles,P,Garcia,Charles P Garcia,male,1967-10-19,"8969 Albert Creek Apt. 247, East Jacqueline, MD 73454",2025-02-03,"COPD, hypertension, pregnancy, HIV",,,,614-09-2534,560.831.7629,True
96ba7922-e521-4bbc-bdc7-48af08f00748,Tamara,K,Barrera,Tamara K Barrera,female,2024-09-27,"2955 Howard Harbor, West Amyton, ND 74746",2025-05-18,"diabetes, asthma, depression, opioid addiction","albuterol, metformin",,,035-98-9937,001-403-854-0568x351,True
fdedb8ba-493e-4fc1-aece-a77b59165858,Daniel,V,Hall,Daniel V Hall,male,1997-03-25,"91106 Phillips Orchard, Perezborough, CT 01775",2025-04-09,"diabetes, asthma, pregnancy, opioid addiction","atorvastatin, metformin",12.7,196.0,390-38-5036,001-384-868-2307x68223,True
89e236d6-d30f-49cc-a2a9-9f52b81222b0,Shane,U,Myers,Shane U Myers,male,1946-12-29,"1151 Keith Village Apt. 280, West Michael, TX 13457",2025-05-11,"asthma, diabetes, hypertension, pregnancy, HIV",lisinopril,15.6,85.1,187-44-0021,955-805-1146x510,True
c536d072-7ba2-46c9-89d8-10587b1ede66,Nancy,R,Mason,Nancy R Mason,female,2015-07-27,"42849 Smith Mills Apt. 771, Markton, MD 44421",2025-03-10,"hypertension, opioid addiction",,,,443-30-7746,2209998311,True
2cc76b47-e63d-4321-9230-1a301cd53d43,David,Z,Carson,David Z Carson,male,1970-10-17,"88642 Carolyn Wells, Port Shaun, MI 68361",2025-02-13,"asthma, hypertension, depression, pregnancy, HIV",,15.6,161.4,760-80-7179,450.613.4070x6421,True
961122cd-779d-47aa-be64-dbe4f1205a87,Robyn,M,Davis,Robyn M Davis,female,1957-09-30,"590 Jeff Dam Apt. 237, Melendezburgh, WI 82052",2025-06-22,"diabetes, asthma, opioid addiction",,,,530-34-0021,441.818.6611x403,True
de24561e-dfa5-4d14-91e6-552f6252e99e,Heather,B,Becker,Heather B Becker,female,1949-01-08,"5384 Lauren Points Apt. 705, Lake Amandaland, FM 43714",2025-02-22,"depression, asthma, HIV","atorvastatin, albuterol",15.8,185.7,381-54-6792,+1-546-431-9364x30450,True
69cccfd4-ca1e-4e1e-b0ba-74f3104e6d48,Matthew,M,Martinez,Matthew M Martinez,male,2023-06-04,"37024 Shirley Course Apt. 574, Lake Karen, IA 82810",2025-05-22,"depression, COPD, asthma, pregnancy, opioid addiction",albuterol,,,616-63-3024,312-656-4119x0923,True
3958b9cc-4306-46d9-b17e-e819f0657995,Cynthia,R,Orozco,Cynthia R Orozco,female,1955-11-15,"1481 Sarah Ford, West Micheal, LA 47931",2025-02-22,"diabetes, HIV",,15.8,188.2,131-63-7680,545.722.8606,True
cc4cd4d1-b31a-4b92-b3a1-045beee4f930,Belinda,Z,Solomon,Belinda Z Solomon,female,1940-03-07,"04985 Love Rest, Mathewsview, MH 02886",2025-01-02,"depression, hypertension, opioid addiction",,11.3,128.8,304-33-3837,523.842.3117,True
594095ab-e16c-453a-910b-b32465e3179a,Savannah,U,Ross,Savannah U Ross,female,1959-10-11,"044 Medina Center Apt. 040, Michaelshire, OK 66207",2025-02-17,"asthma, opioid addiction",,,,148-69-6220,001-553-437-6682x512,True
01334bc5-2f4f-4a2f-8018-052a5a60bf95,Elizabeth,F,Graham,Elizabeth F Graham,female,1974-11-05,"6971 Michael Cliff Suite 037, Hunterport, SD 07377",2025-01-20,"asthma, diabetes, depression, HIV",,,,293-30-5150,(413)661-1068x635,True
c2f686d7-3489-4eb1-9b54-31ddba23cac3,Megan,T,Jenkins,Megan T Jenkins,female,1941-06-11,"9520 Vega Lights Apt. 734, Lake Jennifer, MH 76596",2025-02-22,"asthma, HIV",,16.3,173.9,182-33-4463,(912)464-4153x253,True
661689c5-2d09-4f1e-a393-5abdc1785cde,Scott,Q,Lopez,Scott Q Lopez,male,1987-01-24,"500 Michael Well, Colemanton, CA 98618",2025-08-15,"depression, COPD, pregnancy, opioid addiction",atorvastatin,12.6,86.4,606-21-7615,+1-438-429-8435x5842,True
ff1662b9-7139-439a-aca0-aee30a094da1,Anita,T,Maynard,Anita T Maynard,female,1988-12-16,"340 Dawson Port, Johnmouth, AR 37625",2025-04-19,"arthritis, asthma, diabetes, opioid addiction","lisinopril, sertraline",,,225-94-9114,788-969-4918x718,True
b88fece6-6cda-43a4-9902-d2c7d1dc90f8,Denise,H,Parks,Denise H Parks,female,1958-09-30,"05418 Rodriguez Extension Apt. 209, New Alexchester, MO 35851",2025-02-26,"arthritis, depression, hypertension, opioid addiction",,11.9,109.4,434-32-0053,(842)673-3176x24717,True
e61fa274-e4ef-4b05-a8ba-2ccb7a664b7a,William,A,Cobb,William A Cobb,male,1959-11-30,"638 Hailey Grove, North Jo, WI 45542",2025-01-05,"arthritis, hypertension, pregnancy, HIV","lisinopril, sertraline",13.0,154.7,265-74-8491,(727)290-8266x4599,True
5de8c630-80be-43a3-a9a3-8d00fdaaa759,Nicholas,K,Lewis,Nicholas K Lewis,male,1965-12-16,"5195 Mathews Branch, Torreshaven, VI 52874",2025-08-20,"COPD, asthma, depression, pregnancy, opioid addiction",metformin,12.5,168.8,661-42-2381,479-299-8368,True
c31c616f-a030-4065-960e-00b5fc88d819,Brandon,T,Johnson,Brandon T Johnson,male,1977-04-17,"6406 Adams Roads Suite 518, Monicatown, IL 55501",2025-02-17,"asthma, pregnancy, opioid addiction",,14.7,149.5,764-40-6982,(519)801-4885x5537,True
ce74324a-7c0d-46ed-91fb-56cc84afc8de,Monique,N,Meyer,Monique N Meyer,female,1980-09-08,"806 Salazar Greens, Port Madison, KY 62765",2025-02-03,"COPD, HIV",,,,280-35-5198,495-885-1311x0512,True
09ae546d-9588-407c-9358-95d25f1937d4,Adam,D,Clark,Adam D Clark,male,1998-11-10,"07129 Howell Crest Suite 362, Lopezmouth, OK 82255",2025-02-07,"diabetes, depression, pregnancy, HIV","lisinopril, atorvastatin",,,043-62-6494,6984856904,True
75fc314b-1d4d-4cfc-af73-9d322318225d,Joshua,W,Allison,Joshua W Allison,male,1980-12-24,"58413 Brittany Summit, Whiteland, WV 16154",2025-06-24,"COPD, asthma, depression, pregnancy, HIV",,12.8,164.6,728-79-4654,(713)395-7729,True
6802d918-c967-4fdd-9d5d-fe5ee6fe0f2a,Luis,J,Pham,Luis J Pham,male,1936-03-29,"58419 Gillespie Well, Port Carrie, WA 53322",2025-04-14,"depression, pregnancy, opioid addiction",,,,714-15-0227,220-215-8029,True
4acfe6a6-4cce-4704-b533-58096cb4412f,Amber,Q,Burgess,Amber Q Burgess,female,1960-01-04,"0504 Benitez Locks Apt. 454, Port Penny, IL 29025",2025-07-14,"hypertension, diabetes, opioid addiction",metformin,11.2,82.9,447-88-2388,+1-495-919-6677x2121,True
40dce8e1-df9b-4c51-bd50-ef1a5363bed7,Eric,R,Liu,Eric R Liu,male,2017-07-14,"0584 Cynthia Station Suite 138, New Anamouth, UT 05578",2025-03-02,"diabetes, pregnancy, HIV",,12.4,163.7,658-15-2175,948-370-3380x0780,True
